"Variable","Preproc","mtry","RMSE","Rsquared","MAE","RMSESD","RsquaredSD","MAESD"
"Al","Raw Spectra",2,23788.4902842195,0.460332390216959,17090.7305638889,19528.6119987124,0.36848479236337,11462.0425330762
"Al","Standard Normal Variate",2,21560.6325269984,0.412362868094456,15919.1253722222,17570.6727981891,0.378400486562824,9765.16685392519
"Al","Continuum Removal",1499,19151.3350896512,0.632219817246013,15272.7773194445,17483.953372714,0.260360467132103,11359.5970974517
"Al","Detrend normalization",2,21903.4101826166,0.577836647881898,17069.3653388889,17751.9355361911,0.306635788488265,11260.0655084402
"Al","Savitzky-Golay",1491,21435.6021444364,0.436279999613845,16902.36445,18501.0625284116,0.332401734751979,11512.8667568415
"Al","Multiplicative Scatter Correction",1499,19615.0575498157,0.44330503246122,15276.6128722222,16524.3447572663,0.342542950082673,11516.8842783225
