"Variable","Preproc","mtry","RMSE","Rsquared","MAE","RMSESD","RsquaredSD","MAESD"
"Fe","Raw Spectra",1499,11929.9165494058,0.33932576455512,9982.08290916667,3979.90416601554,0.442987456687318,2559.83463199822
"Fe","Standard Normal Variate",2,11361.2823111599,0.30495946924613,9438.84039972222,4958.64987180991,0.338443947029943,4098.18408592737
"Fe","Continuum Removal",2,11432.6022766819,0.543074446071486,9473.86053555555,5046.5546974301,0.321315545995609,3618.68542708148
"Fe","Detrend normalization",2,11185.0830487461,0.456127353222908,9023.78063083333,4376.36320629413,0.341143351016393,3187.83222481821
"Fe","Savitzky-Golay",2,10814.7536165572,0.380555848478776,8568.77195138889,4103.80086571447,0.403270162409794,2841.01250451601
"Fe","Multiplicative Scatter Correction",54,10518.6826969658,0.489115519338428,9185.29135527778,5861.7900756826,0.357582905459517,4849.40371708819
