"Variable","Preproc","mtry","RMSE","Rsquared","MAE","RMSESD","RsquaredSD","MAESD"
"Mn","Raw Spectra",1499,129.086556246854,0.606531168128158,110.246381319444,45.8144426300771,0.367909408314207,47.1504879561462
"Mn","Standard Normal Variate",54,148.237667284505,0.641653819272587,126.836484888889,56.9647283974621,0.378813583060296,52.2317240141503
"Mn","Continuum Removal",1499,124.946661927376,0.582517263901506,106.523411736111,39.1126630821156,0.350721609502867,31.6403049314242
"Mn","Detrend normalization",2,136.091872153923,0.683563847806473,119.287579555556,58.9556359593023,0.338081487185706,55.7402041234172
"Mn","Savitzky-Golay",2,140.283172519037,0.656061474192093,124.518940958333,45.1475815191298,0.367139682477162,40.3498281867678
"Mn","Multiplicative Scatter Correction",2,150.797731785811,0.477266719772188,127.552690263889,44.0749901444565,0.331704557942759,46.6280809708517
