"Variable","Preproc","mtry","RMSE","Rsquared","MAE","RMSESD","RsquaredSD","MAESD"
"Th","Raw Spectra",2,10.9729943700242,0.473538686258345,8.67391428055556,6.50609084415067,0.371472361509134,3.94372184629024
"Th","Standard Normal Variate",1499,10.7290396770851,0.559858807031559,8.17761209166667,5.94849668527909,0.458165909408334,4.08290674512172
"Th","Continuum Removal",54,8.93229336625876,0.609913939953143,7.47811970833333,7.44222318849408,0.432571039080668,6.10607569940569
"Th","Detrend normalization",2,9.40503321732276,0.5796853347031,7.17785538611111,5.83272539265095,0.407384686450308,3.9598805692726
"Th","Savitzky-Golay",1491,9.20066276570517,0.736535519279792,7.46188171944445,7.69004860918275,0.329056123518012,5.57836595174822
"Th","Multiplicative Scatter Correction",1499,8.52504928097214,0.594426219186852,7.11322183888889,5.72397679538526,0.323092767726539,4.14219960003322
