"Variable","Preproc","mtry","RMSE","Rsquared","MAE","RMSESD","RsquaredSD","MAESD"
"Ti","Raw Spectra",1499,1697.95572290351,0.506676974871501,1351.09763722222,1117.02098472468,0.425047034364154,930.026551893366
"Ti","Standard Normal Variate",2,1559.93183923944,0.49292491624428,1234.13502986111,1032.29957533726,0.3991827470283,764.18101030468
"Ti","Continuum Removal",2,1470.51847759746,0.54749306600374,1176.63143180556,1116.64864968448,0.400847921615234,835.923793579813
"Ti","Detrend normalization",2,1471.12386791449,0.509191677278066,1281.01978284722,1318.78523644626,0.437628592215604,1239.49683936888
"Ti","Savitzky-Golay",2,1525.8271087848,0.493652598495924,1250.19127125,1051.86386202528,0.365059296741532,846.823685262147
"Ti","Multiplicative Scatter Correction",2,1696.87423485257,0.493597631441739,1272.65820944444,782.092282057319,0.363395537108772,494.00460922839
