"Variable","Preproc","mtry","RMSE","Rsquared","MAE","RMSESD","RsquaredSD","MAESD"
"V","Raw Spectra",1499,21.7878947103261,0.301612685746065,18.5445995416667,9.67409664775986,0.292720195712306,7.97092753750388
"V","Standard Normal Variate",2,20.1171881277879,0.554750994512761,16.7347070694444,12.0881185507072,0.342289503981352,9.67121979209316
"V","Continuum Removal",2,22.9425479374952,0.555946550730638,17.5934543055555,8.34274734540809,0.314823588503138,5.74145406702681
"V","Detrend normalization",2,20.1513867516151,0.544093355996214,16.357642625,10.4010231525024,0.379114897171345,8.18566676940645
"V","Savitzky-Golay",1491,20.9817522596519,0.445464387731876,17.1085622222222,12.5766551673144,0.377118049476989,10.0892714153008
"V","Multiplicative Scatter Correction",54,20.7233235918048,0.440148809306097,17.0988581527778,12.5632829534869,0.305073576835618,9.78984458219458
